"DESCRIPTION","DURATION IN MS","NAME","PARENT SUITE","START TIME","STATUS","STOP TIME","SUB SUITE","SUITE","TEST CLASS","TEST METHOD"
"","18259","Prevent archive of phone number used by active or Scheduled outbound deployment","chromium","2026-09-28","passed","2026-09-28","","","",""
"","35020","Test_1: uploads a single file via setInputFiles and creates the KB","chromium","2026-09-28","passed","2026-09-28","","","",""
"","18932","Create group and assign available phone numbers","chromium","2026-09-28","passed","2026-09-28","","","",""
"","21437","Refuse a number that another inbound already answers on","chromium","2026-09-28","passed","2026-09-28","Samvaad · cDeploy · Inbound calls","","",""
"","19005","Test 2 - Search Data Validator and remove it","chromium","2026-09-28","passed","2026-09-28","","","",""
"","33042","Phone - agent test flow of Phone call","chromium","2026-09-28","passed","2026-09-28","","","",""
"","12524","Delete every number","chromium","2026-09-28","passed","2026-09-28","DND list > Positive","","",""
"","21582","Cancel deletion of an empty group","chromium","2026-09-28","passed","2026-09-28","","","",""
"","12718","Boards - cannot create a board without a name","chromium","2026-09-28","passed","2026-09-28","","","",""
"","14548","Test_9: downloads a file by opening its preview inside the KB folder","chromium","2026-09-28","passed","2026-09-28","","","",""
"","25208","Edit the first eligible inbound: pause/reuse fallback, rename, commit draft version, update schedule","chromium","2026-09-28","passed","2026-09-28","Samvaad · cDeploy · Inbound calls","","",""
"","25783","Test 1 - Create Data Validator and verify it in Tools table","chromium","2026-09-28","passed","2026-09-28","Agent - Data Validator","","",""
"","16795","Boards - edit a board name and tag from the row menu","chromium","2026-09-28","passed","2026-09-28","","","",""
"","11734","Boards - create a board without a tag","chromium","2026-09-28","passed","2026-09-28","","","",""
"","22425","Agent analytics - select last 15 days via the calendar","chromium","2026-09-28","passed","2026-09-28","","","",""
"","17948","Test_7: edits the KB name and description from inside the folder","chromium","2026-09-28","passed","2026-09-28","","","",""
"","19010","Delete an empty group successfully","chromium","2026-09-28","passed","2026-09-28","","","",""
"","13328","Discard the campaign wizard","chromium","2026-09-28","passed","2026-09-28","Outbound Campaign > Negative","","",""
"","556404","Skip DND numbers","chromium","2026-09-28","passed","2026-09-28","DND list > Positive","","",""
"","22149","Agent analytics - select every date range preset from the sidebar","chromium","2026-09-28","passed","2026-09-28","","","",""
"","18540","Reject malformed values in the CSV","chromium","2026-09-28","passed","2026-09-28","DND list > Negative","","",""
"","21508","Agent analytics - every metric card matches its trend payload","chromium","2026-09-28","passed","2026-09-28","","","",""
"","14320","Prevent archive of phone numbers used by Active or Paused inbound deployments","chromium","2026-09-28","passed","2026-09-28","","","",""
"","14147","Create, edit and delete an input variable","chromium","2026-09-28","passed","2026-09-28","Agent - Variables","","",""
"","53316","Test_10: validates folder name rules and creates a KB with a valid name","chromium","2026-09-28","passed","2026-09-28","","","",""
"","10684","Download a known-callers list: CSV twice + column mapping","chromium","2026-09-28","passed","2026-09-28","Samvaad · cDeploy · Inbound calls","","",""
"","27739","Filter accuracy on the Past tab","chromium","2026-09-28","passed","2026-09-28","Outbound Campaign > Positive","","",""
"","16778","Bulk upload from a CSV","chromium","2026-09-28","passed","2026-09-28","DND list > Positive","","",""
"","22185","Reject a CSV with the wrong header","chromium","2026-09-28","passed","2026-09-28","DND list > Negative","","",""
"","159444","Test 4 - Create complete Agent with Instructions Tools Variables and verify through Test Agent","chromium","2026-09-28","failed","2026-09-28","","","",""
"","14613","Test_5: deletes a file from inside the KB folder","chromium","2026-09-28","passed","2026-09-28","","","",""
"","268587","End and move to Past","chromium","2026-09-28","passed","2026-09-28","Outbound Campaign > Positive > Scheduled campaign lifecycle","","",""
"","13074","Boards - create a board with a tag","chromium","2026-09-28","passed","2026-09-28","","","",""
"","11982","Test 2 - Verify all Agent name negative cases","chromium","2026-09-28","passed","2026-09-28","Create Agent - From Scratch","","",""
"","60428","Test 3 - Create API Tool, add it to Instructions and verify through Test Agent","chromium","2026-09-28","passed","2026-09-28","Agent - Tools","","",""
"","336141","Hold Scheduled until start","chromium","2026-09-28","passed","2026-09-28","Outbound Campaign > Positive > Scheduled campaign lifecycle","","",""
"","12544","Test_6: edits the KB name and description from the outer list","chromium","2026-09-28","passed","2026-09-28","","","",""
"","12472","Cancel the Add dialog","chromium","2026-09-28","passed","2026-09-28","DND list > Negative","","",""
"","13352","Test_4: deletes the created KB from the outer list","chromium","2026-09-28","passed","2026-09-28","","","",""
"","64487","Chat - agent test flow with analytics verification","chromium","2026-09-28","passed","2026-09-28","","","",""
"","50259","Agent Knowledge Base","chromium","2026-09-28","passed","2026-09-28","","","",""
"","200827","A Paused campaign must not resume while its phone numbers are Archived","chromium","2026-09-28","failed","2026-09-28","Bug Replicator","","",""
"","19969","Test 5 - Clone existing Agent and verify cloned Agent","chromium","2026-09-28","passed","2026-09-28","","","",""
"","44863","Test_11: verifies data retrieval from the test_retrieval KB","chromium","2026-09-28","failed","2026-09-28","","","",""
"","20558","Create an inbound deployment bound to a phone-number group","chromium","2026-09-28","passed","2026-09-28","Samvaad · cDeploy · Inbound calls","","",""
"","20819","Test 2 - Search API Tool and remove it","chromium","2026-09-28","passed","2026-09-28","Agent - Tools","","",""
"","17044","Test 3 - Create Football Jersey agent from scratch","chromium","2026-09-28","passed","2026-09-28","Create Agent - From Scratch","","",""
"","47817","Create with a new group","chromium","2026-09-28","passed","2026-09-28","Outbound Campaign > Positive","","",""
"","24358","Agent analytics - Connectivity: cycle Day/Week/Month/Quarter for every metric","chromium","2026-09-28","passed","2026-09-28","","","",""
"","38759","Move all visible phone numbers to a group and then unassign them","chromium","2026-09-28","passed","2026-09-28","","","",""
"","13256","Agent analytics - Check toggle button and related data should be changed","chromium","2026-09-28","passed","2026-09-28","","","",""
"","128778","Add a known-callers list: upload, map, verify it completes","chromium","2026-09-28","failed","2026-09-28","Samvaad · cDeploy · Inbound calls","","",""
"","16448","Status filter on the Active tab","chromium","2026-09-28","passed","2026-09-28","Outbound Campaign > Positive","","",""
"","110053","Resume a campaign","chromium","2026-09-28","passed","2026-09-28","Outbound Campaign > Positive > Pause, resume and cancel one campaign","","",""
"","15298","Reject files that are not CSVs","chromium","2026-09-28","passed","2026-09-28","DND list > Negative","","",""
"","34161","Agent analytics - cycle Day/Week/Month/Quarter for every metric","chromium","2026-09-28","passed","2026-09-28","","","",""
"","18860","Agent analytics - Engagement: every metric card matches its trend payload","chromium","2026-09-28","passed","2026-09-28","","","",""
"","117666","Test 4 - Verify Data Validator rejects incorrect birthday month","chromium","2026-09-28","failed","2026-09-28","","","",""
"","16520","Copy Deployment ID and App ID from an active inbound","chromium","2026-09-28","passed","2026-09-28","Samvaad · cDeploy · Inbound calls","","",""
"","27622","Status filter on the Past tab","chromium","2026-09-28","passed","2026-09-28","Outbound Campaign > Positive","","",""
"","18811","Create variable, add it in Instructions and verify after refresh","chromium","2026-09-28","passed","2026-09-28","Agent Variables and Instructions","","",""
"","14448","Reject a number under 10 digits","chromium","2026-09-28","passed","2026-09-28","DND list > Negative","","",""
"","12816","Dismiss the cancel confirmation","chromium","2026-09-28","passed","2026-09-28","Outbound Campaign > Negative","","",""
"","16673","Add numbers","chromium","2026-09-28","passed","2026-09-28","DND list > Positive","","",""
"","13814","Test_8: downloads a file from inside the KB folder","chromium","2026-09-28","passed","2026-09-28","","","",""
"","14292","Reject a duplicate number","chromium","2026-09-28","passed","2026-09-28","DND list > Negative","","",""
"","22753","Agent analytics - Engagement: cycle Day/Week/Month/Quarter for every metric","chromium","2026-09-28","passed","2026-09-28","","","",""
"","14192","Cancel the remove confirmation","chromium","2026-09-28","passed","2026-09-28","DND list > Negative","","",""
"","40466","Test_2: uploads multiple files via setInputFiles and creates the KB","chromium","2026-09-28","passed","2026-09-28","","","",""
"","16017","Create variable from Instructions and verify after refresh","chromium","2026-09-28","passed","2026-09-28","","","",""
"","10899","Export as a CSV","chromium","2026-09-28","passed","2026-09-28","DND list > Positive","","",""
"","20981","Cancel a campaign","chromium","2026-09-28","passed","2026-09-28","Outbound Campaign > Positive","","",""
"","11196","Boards - cannot create a board with a tag shorter than 4 characters","chromium","2026-09-28","passed","2026-09-28","","","",""
"","12659","Delete an inbound deployment: Cancel, Close, then Delete","chromium","2026-09-28","passed","2026-09-28","Samvaad · cDeploy · Inbound calls","","",""
"","20088","Search inbound deployments by name and verify filter accuracy","chromium","2026-09-28","passed","2026-09-28","Samvaad · cDeploy · Inbound calls","","",""
"","20439","Test 1 - Create API Tool and verify it in Tools table","chromium","2026-09-28","passed","2026-09-28","Agent - Tools","","",""
"","17319","Boards - filter by tag shows only boards with that tag","chromium","2026-09-28","passed","2026-09-28","","","",""
"","17445","Agent analytics - Connectivity: every metric card matches its trend payload","chromium","2026-09-28","passed","2026-09-28","","","",""
"","21092","Pause, resume and add known callers to an active inbound","chromium","2026-09-28","passed","2026-09-28","Samvaad · cDeploy · Inbound calls","","",""
"","31603","Cancel a Paused campaign","chromium","2026-09-28","passed","2026-09-28","Outbound Campaign > Positive > Pause, resume and cancel one campaign","","",""
"","32427","Test_3: uploads an additional file from inside the created KB","chromium","2026-09-28","passed","2026-09-28","","","",""
"","16186","Pause a campaign","chromium","2026-09-28","passed","2026-09-28","Outbound Campaign > Positive > Pause, resume and cancel one campaign","","",""
"","23075","Report numbers that are not on the list","chromium","2026-09-28","passed","2026-09-28","DND list > Negative","","",""
"","16351","Filter accuracy on the Active tab","chromium","2026-09-28","passed","2026-09-28","Outbound Campaign > Positive","","",""
"","31992","Create with the first phone number","chromium","2026-09-28","passed","2026-09-28","Outbound Campaign > Positive","","",""
"","134811","Voice - agent test flow with analytics verification","chromium","2026-09-28","passed","2026-09-28","","","",""
"","18614","Bulk delete from a CSV","chromium","2026-09-28","passed","2026-09-28","DND list > Positive","","",""
"","40033","Test 3 - Create Data Validator, add it to Instructions and verify through Test Agent","chromium","2026-09-28","passed","2026-09-28","","","",""
"","15045","Known callers: reject an invalid list name, then upload a valid list","chromium","2026-09-28","passed","2026-09-28","Samvaad · cDeploy · Inbound calls","","",""
"","3","Reject a number not starting 6-9","chromium","2026-09-28","skipped","2026-09-28","DND list > Negative","","",""
"","18427","Agent name should be updated","chromium","2026-09-28","passed","2026-09-28","","","",""
"","14949","Move selected phone numbers to any existing group","chromium","2026-09-28","passed","2026-09-28","","","",""
"","14454","Boards - cannot create a board with a name shorter than 4 characters","chromium","2026-09-28","passed","2026-09-28","","","",""
